506404396360802304|81623157| ‚Äú@SITLima: #CorredorAzul: En este enlace pueden encontrar los recorridos de las rutas que han sido modificadas http://t.co/zpU7kaNbZn‚Äù||2009-10-11 15:52:57|0|0|0
506403001322721280|184444352| Recordar que hoy empieza el periodo de prueba permanente del #CorredorAzul :( Wujuuu!! #Okno||2010-08-29 15:36:23|0|0|0
506401692481757184|2667501056| #CorredorAzul: En este enlace pueden encontrar los recorridos de las rutas que han sido modificadas http://t.co/3UuqotkCnO||2014-07-21 23:33:21|0|0|0
506399422159548416|19199363| "@SITLima: El #CorredorAzul ya est√° operando en las avenidas Tacna - Garcilaso - Arequipa http://t.co/0mOwsbJ563"||2009-01-19 20:11:01|0|0|0
506397595540127744|2667501056| Hola @VeroLinaresC. Nuestros buses ya est√°n recorriendo el #CorredorAzul. El expreso 303 ya entr√≥ en circulaci√≥n.||2014-07-21 23:33:21|0|0|0
506396379238121474|30766704| Alguien sabe por donde pasa la ruta sm29? #traficolima #corredorazul||2009-04-13 01:02:01|0|0|0
506395924823031808|131331924| Ya est√°n en la calle? C√≥mo va el #CorredorAzul @SITLima ?||2010-04-09 23:55:09|0|0|0
506394991699427328|2667501056| El #CorredorAzul ya est√° operando en las avenidas Tacna - Garcilaso - Arequipa http://t.co/H4bfclQJER||2014-07-21 23:33:21|0|0|0
506373466522923009|66746614| #CorredorAzul: Estos ser√°n los recorridos modificados de las rutas antiguas http://t.co/s2cjTb35c7||2009-08-18 17:49:35|0|0|0
506334152191651840|1020991345| Y de la nada todo el mundo como llegar a cato desde sus casas... Todo sea por un cambio en el transporte #CorredorAzul||2012-12-19 00:36:25|0|0|0
506320742695583744|53311422| Ma√±ana ser√° la prueba final para los buses azules del corredor Tacna-Wilson-Arequipa ... #CorredorAzul||2009-07-03 06:09:20|0|0|0
506298889155395584|36256973| #SusanaMiente @rosaluz_ar: 11:06 pm. C√∫steres y otros circulan x Garcilaso.No q ya no ir√≠an x #CorredorAzul? http://t.co/kQUiqIsufu"||2009-04-29 02:18:48|0|0|0
506298314338619392|408908064| "@SITLima: #CorredorAzul: Ma√±ana iniciamos desde las 5am con servicio 301 y a las 6am con expreso 303 http://t.co/LjtJ8U2EE5"||2011-11-10 01:40:52|0|0|0
506296554211512320|410771417| Ojo‚Äú@chaskicholo: #LadyVaga MT @rosaluz_ar: 11:06 pm. C√∫steres y otros x Garcilaso.No q ya no ir√≠an x #CorredorAzul? http://t.co/rp0a2B7NwY‚Äù||2011-11-12 15:02:37|0|0|0
506295108741103616|269811376| #LadyVaga MT @rosaluz_ar: 11:06 pm. C√∫steres y otros circulan x Garcilaso.No q ya no ir√≠an x #CorredorAzul? http://t.co/FeIt7FJ7fa||2011-03-21 13:59:07|0|0|0
506293961712230400|2667501056| #CorredorAzul: Ma√±ana iniciamos desde las 5am con servicio 301 y a las 6am con expreso 303 http://t.co/aQg4iyjcZd||2014-07-21 23:33:21|0|0|0
506293924684922880|548772216| Amiguitos, no sean tan ingenuos! ¬øCon qu√© dinero creen que se pagan los pasajes de la gente que est√° usando ‚Äúgratis" el #CorredorAzul?||2012-04-08 20:16:58|0|0|0
506292832504913920|84419825| 11:06 p.m. C√∫steres y otros buses circulan en Garcilaso.No q ya no ir√≠an x #CorredorAzul? @SITLima @sociedad_ECpe http://t.co/zknCbtxMaO||2009-10-22 20:44:14|0|0|0
506286032783147008|1927359882| Conoce las rutas modificadas que se superpon√≠an al #CorredorAzul ‚ñ∫ http://t.co/fMpb2w2Goc http://t.co/K0SrkeuOZS||2013-10-02 16:18:57|0|0|0
506273200989536256|466862437| #CorredorAzul no cuenta con estacionamientos, ni paraderos t√©cnicamente dise√±ados, su #ReformaTransporte es pintar buses viejos.||2012-01-17 21:37:58|0|0|0
506268054058467328|214062745| "Desde ma√±ana no habr√° una couster, una combi o un Orion en el #CorredorAzul", @SusanaVillaran en @Cuarto_Poder||2010-11-10 13:35:19|0|0|0
506267798541434880|2513690096| @Cuarto_Poder @SusanaVillaran qui√©n financia pasajes gratis en #CorredorAzul? nosotros???||2014-05-21 21:16:08|0|0|0
506266983747571714|17834506| #TitularAmarillo Todo setiembre, punteos gratis en el #CorredorAzul||2008-12-03 11:41:16|0|0|0
506266024413761536|122541642| ... Ma√±ana NO habr√° custers ni micros por el #corredorAZUL ... solo buses patr√≥n ...||2010-03-13 02:25:18|0|0|0
506265572980846592|739470282| ahora tendr√© que tomar tres carros para llegar a mi universidad #CorredorAzul||2012-08-05 23:56:06|0|0|0
506265482748764160|237779638| @SusanaVillaran: "Desde ma√±ana no habr√° una couster, una combi o un Orion en el #CorredorAzul" #ReformaTransporte #CuartoPoder||2011-01-13 16:23:09|0|0|0
506265048302751744|194342525| La #ReformaDelTransporte no se detiene. @SusanaVillaran  @SiSeAtreve #CuartoPoder #CorredorAzul LIMA MERECE M√ÅS.||2010-09-23 22:17:29|0|0|0
506253971045228544|283747612| Hoy Lima empieza a cambiar. Hoy empieza a funcionar, diariamente, un sistema de transporte p√∫blico decente #CorredorAzul||2011-04-17 23:20:39|0|0|0
506252612858290176|235071687| Conoce las rutas modificadas que se superpon√≠an al Corredor Azul http://t.co/MepuVepK3Y #peru #corredorazul #protransporte #mml #lima #lima||2011-01-07 08:14:14|0|0|0
506250903692017664|49201190| ‚Äú@Peru21pe: #CorredorAzul: Conoce los recorridos modificados de las rutas antiguas http://t.co/Q7EUDAhmYl http://t.co/P3TFSTHcCJ‚ÄùCHATARRA||2009-06-21 02:27:41|0|0|0
506249833959948288|19602540| #CorredorAzul: Conoce los recorridos modificados de las rutas antiguas http://t.co/ZRIgrh04SV http://t.co/oajj2mh8gm||2009-01-27 17:16:56|0|0|0
506247177329729536|86561940| Por inicio de #CorredorAzul, Municipio de Lima recorta rutas de unidades de transporte p√∫blico: http://t.co/H81JWGX22h||2009-10-31 16:52:16|0|0|0
506237621576933376|2741325043| Publican modificaci√≥n de rutas que se superpon√≠an a #CorredorAzul. http://t.co/Q63WXSjo6I http://t.co/nHSBlgl1G0||2014-08-18 04:37:05|0|0|0
506237517323329536|235071687| Corredor Azul: Estos ser√°n los recorridos modificados de las rutas antiguas http://t.co/arjzuuc5CS #peru #protransporte #corredorazul||2011-01-07 08:14:14|0|0|0
506235206496694273|31018753| Esperemos que ahora s√≠ el #CorredorAzul funcione sin inconvenientes... Lo necesitamos! #chaucombisasesinas||2009-04-14 01:28:21|0|0|0
506233669800185856|142427560| Estoy en la arequipa y veo pasar 3 buses seguidos. Uno reventando,  el 2do a medias y el 3ro ksi vac√≠o. hay que saber esperar. #CorredorAzul||2010-05-10 21:31:30|0|0|0
506233215095291904|283747612| #ReformaTransporte: Vea los recorridos modificados de las rutas antiguas q circulaban en el #CorredorAzul http://t.co/Cqm51kw6Ap||2011-04-17 23:20:39|0|0|0
506233126096764931|2667501056| Recordamos a nuestros usuarios del #CorredorAzul que el servicio 301 circula hasta las 11pm http://t.co/1JIQa5PELK||2014-07-21 23:33:21|0|0|0
506232505016803328|129678872| Pa' que se informen http://t.co/VUJjlDGGAo #CorredorAzul  #ReformaTransporte||2010-04-05 02:47:55|0|0|0
506228766096785408|264928996| Tendr√© que prepararme para la aventura del #CorredorAzul||2011-03-12 18:01:48|0|0|0
506228734102614016|66746614| #CorredorAzul: Estos ser√°n los recorridos modificados de las rutas antiguas http://t.co/s2cjTb35c7 http://t.co/gNpDg0GgOI||2009-08-18 17:49:35|0|0|0
506224184708853761|493749938| Los Buses Patr√≥n del #CorredorAzul comenzaron a operar de manera ininterrumpida en las "Av.Tacna - Av.Garcilazo -... http://t.co/RCNrVXC5mq||2012-02-16 04:31:27|0|0|0
506222461168656384|8168562| Conoce los #desv√≠os de las rutas que ya no pasar√°n por el #CorredorAzul: http://t.co/cUnqQkpVSO http://t.co/q19veQUT9W||2007-08-13 21:16:49|0|0|0
506217031503740929|199833070| Probando el #CorredorAzul||2010-10-07 20:49:06|0|0|0
506210549550821376|2707027831| @Peru21pe "no hay marcha atr√°s, la #ReformaTransporte ya empez√≥" #SusanaVillaran #CorredorAzul http://t.co/Bor2uied9j||2014-08-04 17:14:35|0|0|0
506207723277795328|493749938| "Atr√©vete a cambiar tu ciudad, atr√©vete a cambiar tus costumbres" #S√≠SeAtreve #ReformaTransporte #CorredorAzul http://t.co/hMESOsJHZX||2012-02-16 04:31:27|0|0|0
506205658686193664|2707027831| "No hay marcha atr√°s, la #ReformaTransporte ya empez√≥" @SusanaVillaran  #CorredorAzul https://t.co/ebFKizvOKA http://t.co/nV8sw2Qgv3||2014-08-04 17:14:35|0|0|0
506201467334963200|557115537| V√≠a @GGG_pe: Informamos que estos son los nuevos recorridos de las rutas que transitaban por el #CorredorAzul http://t.co/ASeU0m3CfE||2012-04-18 16:52:16|0|0|0
506191666643238912|1180315038| La circulaci√≥n de buses no autorizados en el #corredorazul es porque las autoridades lo permiten,#Per√∫ #Lima #RPP http://t.co/8KBV0NoBPP||2013-02-14 21:10:55|0|0|0
506188705460420608|2667501056| Conoce las rutas modificadas por inicio de pruebas diarias del #CorredorAzul http://t.co/3UuqotkCnO http://t.co/TVkQSiP7gh||2014-07-21 23:33:21|0|0|0
506187272510005248|283747612| Hoy es un punto de inflexi√≥n para Lima. Hoy empieza a funcionar diariamente un sistema de transporte decente con el #CorredorAzul.||2011-04-17 23:20:39|0|0|0
506186080501399552|1191574938| @MuniLima ma√±ana cuello de botella en rutas Alfonso Ugarte, Caquet√°,Tupac Amaru entre otras por el #CorredorAzul gran #ReformaTransporte Srs||2013-02-18 00:36:10|0|0|0
506185787709616128|283747612| IMAGENES. Vea los nuevos recorridos de las rutas q antes circulaban por #CorredorAzul https://t.co/8eApC5oIdQ||2011-04-17 23:20:39|0|0|0
506184611714842625|1180315038| Surgi√≥ la criollada.Custers piratas pintadas de azul aparecieron en el #corredorazul.#Per√∫ #Lima #RPP #Panamericana http://t.co/XHqljy5vNO||2013-02-14 21:10:55|0|0|0
506177854003240961|2707027831| "No hay vuelta atras, la #ReformaTransporte ya empez√≥" @SusanaVillaran   #CorredorAzul  https://t.co/7Wvx5RABLc http://t.co/4UTuyED3Iy||2014-08-04 17:14:35|0|0|0
506177483646185473|2707027831| "No hay vuelta atras, la #ReformaTransporte ya empez√≥" @SusanaVillaran   #CorredorAzul  https://t.co/7Wvx5RABLc http://t.co/DxJ5aNbVlD||2014-08-04 17:14:35|0|0|0
506177114715222016|2707027831| "No hay vuelta atras, la #ReformaTransporte ya empez√≥" @SusanaVillaran   #CorredorAzul https://t.co/7Wvx5RABLc http://t.co/ip9zVmGa9V||2014-08-04 17:14:35|0|0|0
506159484679770112|141433653| Los viernes y s√°bados deberian haber buses TODO el d√≠a #CorredorAzul||2010-05-08 02:48:36|0|0|0
506158724072103937|2667501056| Recuerda que el #CorredorAzul te lleva al Lima Vive Rock este s√°bado 6 de septiembre ImL http://t.co/buF8Bwrb6M||2014-07-21 23:33:21|0|0|0
506157895772540929|78987061| @SITLima #CorredorAzul Al fin, una soluci√≥n al transporte. http://t.co/s3XBr5aBOc||2009-10-01 19:44:27|0|0|0
506155270943551488|2732373500| En el #CorredorAzul http://t.co/t1BQji0PMb||2014-08-14 17:57:17|0|0|0
506152155049652225|2667501056| Hola @k_rmen16. Solo se modifican las rutas que mencionamos en este enlace http://t.co/3UuqotkCnO por implementaci√≥n del #CorredorAzul||2014-07-21 23:33:21|0|0|0
506150835358035968|48497654| @sociedad_ECpe @elcomercio @rosaluz_ar #CorredorAzul dOnde esta la policia?! Los inspectores no pueden solos!||2009-06-18 21:31:19|0|0|0
506149872538755073|181665123| En fb reclaman que desv√≠os del transporte p√∫blico por #CorredorAzul est√°n mal hechos porque afectan a empresas hist√≥ricas.||2010-08-22 19:33:29|0|0|0
506142384720474112|54806568| DESDE HOY Informamos que estos son los nuevos recorridos de las rutas que transitaban por el #CorredorAzul. V√≠a... http://t.co/6oPpXP7y2Q||2009-07-08 05:11:05|0|0|0
506141904694935552|41237223| Viveza peruana?? : #CorredorAzul: buses como este van por av. Arenales y confunden a usuarios pq cobran pasaje http://t.co/EkQfiS3awj||2009-05-19 23:12:39|0|0|0
506140273089736704|964679834| @sociedad_ECpe @elcomercio @rosaluz_ar #CorredorAzul agradecimiento especial a susana villaharagan!||2012-11-22 17:51:12|0|0|0
506137791903055872|17935453| #ImagenInteractiva Todo lo que debes saber sobre el #CorredorAzul http://t.co/XOjnwxPDko      http://t.co/VLqA3vb8kK v√≠a @Agencia_Andina||2008-12-07 03:56:48|0|0|0
506137309553901568|1616182386| Conozca los #desv√≠os de las rutas que ya no pasar√°n por el #CorredorAzul: http://t.co/I0oL1ufmC1 http://t.co/dwUodOyuuy||2013-07-23 22:06:31|0|0|0
506134149514919936|1616182386| #CorredorAzul: buses como este van por av. Arenales y confunden a usuarios porque cobran pasaje http://t.co/1i87rfAf9o (v√≠a @rosaluz_ar)||2013-07-23 22:06:31|0|0|0
506131892899696640|51804224| OJO: Desde hoy el #CorredorAzul Tacna-Garcilaso-Arequipa operar√° de manera continua. http://t.co/2NL7aNhGd8 http://t.co/c6lve908c6‚Äù||2009-06-28 18:44:01|0|0|0
506128504019517440|138166151| Esa huevada de #CorredorAzul es una caca. üòí||2010-04-28 20:21:35|0|0|0
506127582371540992|197226430| OJO: Desde hoy el #CorredorAzul Tacna-Garcilaso-Arequipa operar√° de manera continua. http://t.co/XYFDCZvX4d||2010-09-30 23:32:18|0|0|0
506124289888624640|2372130253| En setiembre los buses azules recorrer√°n el #CorredorAzul de lunes a viernes. Un mensaje de la @MuniLima: http://t.co/IHIrdbdtJJ||2014-03-04 16:20:00|0|0|0
506123832768606208|308876737| #CorredorAzul Para que funcione la #ReformaTransporte taxistas deber√≠an respetar paraderos de buses, no como anoche: http://t.co/WkcfpniKjh||2011-06-01 04:28:02|0|0|0
506123118956400641|2707027831| COMUNICADO: Reforma del Transporte http://t.co/2iigf4moob v√≠a @munilima #CorredorAzul #ReformaTransporte||2014-08-04 17:14:35|0|0|0
506122844838064128|84419825| Buses como ste compartn Arenales con flota oficial #CorredorAzul.Usuarios confundidos xq cobran pasaje @sociedad_ECpe http://t.co/v5bLp3b0rm||2009-10-22 20:44:14|0|0|0
506117774113271809|2218881859| OJO! Estos son los nuevos recorridos de rutas que iban por el #CorredorAzul de Tacna hasta la Arequipa. V√≠a @SITLima: http://t.co/xQy4u70zA4||2013-11-28 04:25:43|0|0|0
506117619112771584|308876737| Anoche buses #CorredorAzul no pod√≠an recoger pasajeros en el carril correspondiente por los taxistas que lo ocuparon http://t.co/dPzRrrj1uA||2011-06-01 04:28:02|0|0|0
506116704360218624|2667501056| #CorredorAzul: Hoy y todos los domingos operaremos solo con nuestro servicio 301 http://t.co/wLm1msmGCf||2014-07-21 23:33:21|0|0|0
506114033012207616|84419825| #CorredorAzul Inspectores GTU denuncian presencia de buses piratas d empresas Chama y ATC con logo del SIT, en Av. Arenales @sociedad_ECpe||2009-10-22 20:44:14|0|0|0
506112655145578497|23361218| Si puedes orientar mejor sobre los recorridos, hazlo, y no solo te quejes de la falta de informaci√≥n. #CorredorAzul||2009-03-08 22:04:41|0|0|0
506112021948301313|23361218| Yo comprendo que el #CorredorAzul tiene varios inconvenientes, y que falta explorar otros medios para comunicar mejor las rutas...||2009-03-08 22:04:41|0|0|0
506109893473230848|341304775| Ahora tengo que el bus del #CorredorAzul y bajarme en Vir√∫ o Pizarro (zona peligrosa) y tomar solo la 73 B o la 7 http://t.co/85YeEDvllJ||2011-07-24 04:36:22|0|0|0
506107954467471360|2497434704| #CorredorAzul: Desde hoy, funcionar√° todos los d√≠as con un total de 125 buses. Ent√©rate aqu√≠  http://t.co/IGUol6Y7gx||2014-05-16 00:37:58|0|0|0
506103899997372417|21889656| #CorredorAzul inici√≥ operaci√≥n permanente en Lima http://t.co/4rH09RUdZr ¬øQu√© opinas de este sistema? (Foto: Andina) http://t.co/003KLzOugZ||2009-02-25 17:18:54|0|0|0
506101809677877249|1927359882| Desde hoy #corredorazul operar√° de manera continua ‚ñ∫ http://t.co/wYdIWv6SPR http://t.co/UFGtYVK55q||2013-10-02 16:18:57|0|0|0
506101649052827649|40933920| Conoce las rutas que se modificar√°n con la implementaci√≥n del #CorredorAzul http://t.co/sR4ng8UW3h http://t.co/xG7LgBaWw9||2009-05-18 18:31:50|0|0|0
506101121300303873|410970082| Intentemos"@GGG_pe: Informamos que estos son los nuevos recorridos de las rutas que transitaban por el #CorredorAzul http://t.co/uviMerVKKp"||2011-11-12 20:34:01|0|0|0
506100727715209218|54338207| ¬øvale renegar?    "@SITLima: #CorredorAzul: Durante todo septiembre pasajeros podr√°n viajar gratis por corredor Tacna - Garcilaso - Arequipa||2009-07-06 21:25:28|0|0|0
506096870855540736|1338157813| @NatLeonSalazar Los intervalos entre los buses dl #CorredorAzul deben de ser m√°s cortos !!||2013-04-09 02:50:24|0|0|0
506093983739965440|237779638| Informamos que estos son los nuevos recorridos de las rutas que transitaban por el #CorredorAzul http://t.co/TTwoRnu3CF||2011-01-13 16:23:09|0|0|0
506093154983243776|40933920| #ImagenInteractiva Todo lo que debes saber sobre el #CorredorAzul http://t.co/1MsBQ6UikO     http://t.co/5WSYbscy7N||2009-05-18 18:31:50|0|0|0
506083865262579712|2175266482| MT"@Agencia_Andina: Desde hoy #CorredorAzul operar√° de manera continua http://t.co/b4u5g9zUTe http://t.co/PjNQMIhk0r" tomen precauciones||2013-11-10 03:11:23|0|0|0
506070799955288064|249004177| Hoy arranc√≥ el #corredorazul Tacna-Arequipa y el bus me dejo a 20 cuadras del trabajo, #reforma no puede ser tan improvisada @SusanaVillaran||2011-02-08 04:35:26|0|0|0
506068936350519296|2667501056| Conoce nuevos recorridos de rutas regulares que circulaban por el #CorredorAzul http://t.co/3UuqotkCnO||2014-07-21 23:33:21|0|0|0
506064962075492352|87948229| Desde hoy el #CorredorAzul operar√° de manera continua con 125 buses http://t.co/LPwmbSqwVI http://t.co/Z7pzLytNRb||2009-11-06 14:16:34|0|0|0
506060957173690368|204962679| Tres problemas que son amenaza para el #CorredorAzul http://t.co/JSJLUt1hu4 http://t.co/H7niLmV5Z4||2010-10-19 21:23:44|0|0|0
506060240140648448|40933920| Desde hoy #CorredorAzul operar√° de manera continua con 125 buses http://t.co/JvfsaBSAJ6 http://t.co/SDsPBwlf9l||2009-05-18 18:31:50|0|0|0
505985453208915968|799528574| #ReformaTransporte: desde este domingo 31 se inicia el funcionamiento ininterrumpido del #CorredorAzul   Son 42... http://t.co/0CaVW4eHXb||2012-09-03 03:21:33|0|0|0
505962723537350656|2667501056| El #CorredorAzul Tacna - Garcilaso - Arequipa es el primero de cinco corredores que unir√°n Lima con ruta troncal y alimentadoras @chinnyein||2014-07-21 23:33:21|0|0|0
505958670635913218|2667501056| Hola @Caranlazo. Las rutas alimentadores del #CorredorAzul comenzar√°n a circular desde quincena de septiembre y se comunicar√°n a tiempo||2014-07-21 23:33:21|0|0|0
505908178106990592|527506722| Empieza #CorredorAzul: buses circulan de forma ininterrumpida http://t.co/N4Oyn4l7Fb||2012-03-17 14:28:10|0|0|0
505901768849780736|54806568| #ReformaTransporte: desde este domingo 31 se inicia el funcionamiento ininterrumpido del #CorredorAzul ‚óãSon 42... http://t.co/YWRIzRNLPq||2009-07-08 05:11:05|0|0|0
505887706476720129|184495054| @GranMudra "@SITLima: #CorredorAzul: En http://t.co/Q3fXYvN23b secci√≥n 'rutas modificadas' ubica nuevo recorrido http://t.co/2Larn7j9Z8"||2010-08-29 18:21:00|0|0|0
505884219458215936|2707027831| La #ReformaTransporte no la para nadie #CorredorAzul  #SusanaVillaran #Gentequeseatreve https://t.co/7Wvx5RABLc http://t.co/YHY16BDpKl||2014-08-04 17:14:35|0|0|0
505884090722430978|2279794992| Hoy e visto buses azules...acaso la av. victor malasquez es tamb #CorredorAzul?||2014-01-07 00:50:41|0|0|0
505883032369500161|2667501056| #CorredorAzul: Entra a http://t.co/wX5HRZwigf secci√≥n 'rutas modificadas' y ubica tu nuevo recorrido http://t.co/GZrzOdufdt||2014-07-21 23:33:21|0|0|0
505865329105723392|2667501056| #CorredorAzul: Ma√±ana solo operar√° el servicio regular 301 de 5am a 11pm http://t.co/CqSSDoOj7I||2014-07-21 23:33:21|0|0|0
505851503009996802|2707027831| Lea "ORI√ìN", la columna de Gustavo Guerra Garc√≠a: http://t.co/KmVI4gACTc #Ori√≥n #CorredorAzul||2014-08-04 17:14:35|0|0|0
505851249351090177|2707027831| Lea "ORI√ìN", la columna de Gustavo Guerra Garc√≠a: http://t.co/KmVI4gACTc #Gentequeseatreve #CorredorAzul||2014-08-04 17:14:35|0|0|0
505840103517073408|2371403984| @SITLima #CorredorAzul buenas tardes he visto 2 unidades dela linea azul que estan a la altura de la plaza castilla habra pasado algo?||2014-03-04 04:59:59|0|0|0
505829784988184577|220800321| @SITLima Cu√°ndo estar√°n disponibles online los recorridos de las rutas alimentadoras del #CorredorAzul?||2010-11-28 21:36:18|0|0|0
505828722243809281|252888082| .@SITLima #Lima #ReformaDelTransporte : Ins√≥lito, en flamante #CorredorAzul tambi√©n circulan #c√∫steres... http://t.co/QyjjQAxaOm||2011-02-16 03:31:09|0|0|0
505814370132430848|1158567254| Ubica el bus que utilizas y mira los cambios de ruta con el nuevo #CorredorAzul http://t.co/JilSTIiYxs||2013-02-07 23:35:43|0|0|0
505814216704790528|38225564| Estoy feliz porque a partir de ma√±ana comienza un gran momento para Lima con el #CorredorAzul y xq me me gusta su nombre: "corredor azul"||2009-05-06 17:11:09|0|0|0
505809248392343552|19602540| #CorredorAzul: Solo buses azules circulan en eje Tacna-Garcilaso-Arequipa http://t.co/Uc02wWbj9X http://t.co/K5C9sJzaYc||2009-01-27 17:16:56|0|0|0
505804629876420608|54338574| Yo no sab√≠a que el #CorredorAzul pasa por Tomas Marzano. Cc @elcomercio http://t.co/MHvmeJw7Mv||2009-07-06 21:26:48|0|0|0
505799272672280576|6778972| #Corredorazul en Av. Tacna no funciona. No se respeta carril exclusivo http://t.co/6hRBKNGehy||2007-06-13 00:27:39|0|0|0
505783597669056512|2497434704| Desde este lunes, #CorredorAzul transitar√° a diario y cada dos minutos. Todav√≠a es gratis http://t.co/DsR7apx8Q1||2014-05-16 00:37:58|0|0|0
505782160130064384|2707027831| La Reforma del transporte ya comenz√≥!!! #CorredorAzul  https://t.co/3Khjzuv4Z8 http://t.co/VSsWMzz6cC||2014-08-04 17:14:35|0|0|0
505780358705848320|2581057344| #Transito En San Isidro todas las unidades respetar√°n se√±alizaci√≥n #CorredorAzul es antit√©cnico @SomosElComercio http://t.co/z19oQGOsO7||2014-06-21 21:40:42|0|0|0
505779897152053248|2667501056| #CorredorAzul: estos son los horarios de nuestros servicios regular y expreso de hoy http://t.co/SYJlBLQDyy||2014-07-21 23:33:21|0|0|0
505778657353560064|436848565| #CorredorAzul hay buses del corredor azul en la av universitaria???? O son buses fantasmas??||2011-12-14 17:13:31|0|0|0
505775514913878016|400353731| Probando el #corredorazul :) http://t.co/x25KioodCT||2011-10-28 22:12:13|0|0|0
505769320086253568|401053068| @noticiAmerica la gente se est√° aprovechando sube con toda su paciencia, pongan m√°s buses #CorredorAzul||2011-10-30 00:01:57|0|0|0
505766683236388864|228231724| @Peru21pe #CorredorAzul Que aflore la soluci√≥n. Porque usuarios somos todos y no existe algo que sea perfecto.||2010-12-19 03:36:10|0|0|0
505765665979244544|1551705331| "@diariocorreo: Desde ma√±ana el #CorredorAzul se vuelve ininterrumpido http://t.co/6YG2RQ8yaQ"||2013-06-27 22:51:44|0|0|0
505763136071561217|85840608| Desde ma√±ana el #CorredorAzul se vuelve ininterrumpido http://t.co/gImA36V6ct||2009-10-28 15:25:49|0|0|0
505762181364076544|2713569235| #CorredorAzul todo por el bien de la ciudad||2014-08-07 03:05:15|0|0|0
505761872793321473|1268325169| ¬°Conoce las rutas modificadas, desv√≠os, paraderos y mucho m√°s del #CorredorAzul! entra a:... http://t.co/lCVb4AwZp4||2013-03-14 23:57:34|0|0|0
505761285255200769|19602540| Los 3 problemas que amenazan el funcionamiento del #CorredorAzul http://t.co/WkRaaFmHip http://t.co/teb8JN1umJ||2009-01-27 17:16:56|0|0|0
505759089839050752|49339195| Buses patr√≥n circulan permanentemente desde hoy en #CorredorAzul http://t.co/Ll8heqgteh||2009-06-21 15:22:46|0|0|0
505757111738171392|59355335| Av. Arequipa libre y viajas sin pagar #CorredorAzul üòÆ||2009-07-23 03:57:35|0|0|0
505749721793982465|278216985| Bien üëç @MuniLima #ReformaTransporte: desde este domingo se inicia el funcionamiento ininterrumpido del #CorredorAzul http://t.co/MRMs7dAGdo||2011-04-06 21:03:34|0|0|0
505749063984500736|1927359882| #Corredorazul: buses pasar√°n cada dos minutos desde este lunes ‚ñ∫ http://t.co/gk1UBLMYnf http://t.co/UJ3BuAOs1A||2013-10-02 16:18:57|0|0|0
505747340373016577|523559991| @noticiAmerica #CorredorAzul ¬øY el Patio (Paradero) de los buses)?¬øYa se hizo contrato a los conductores?¬øSe romperan los contratos?||2012-03-13 19:00:01|0|0|0
505746990672908289|158871696| #ReformaTransporte: desde este domingo se inicia el funcionamiento ininterrumpido del #CorredorAzul http://t.co/cztvRDyLCy||2010-06-23 21:56:27|0|0|0
505746763459092481|523559991| @noticiAmerica #CorredorAzul ¬øcada 2 minutos?¬øcu√°nto se demoran las personas en subir al bus?¬øno es muy corto los tiempos? +improvici√≥n||2012-03-13 19:00:01|0|0|0
505745676870107136|65549291| #CorredorAzul: buses pasar√°n cada dos minutos desde este lunes ‚ñ∫  http://t.co/RrqrhQos5r http://t.co/H4mP9OO2kQ||2009-08-14 03:21:15|0|0|0
505743995923099648|2667501056| S√≠, hoy hay #CorredorAzul @GtelloZ||2014-07-21 23:33:21|0|0|0
505743790641283072|2667501056| VIDEO: @GGG_pe explic√≥ inicio de pruebas diarias del #CorredorAzul http://t.co/unfuqt4sJw||2014-07-21 23:33:21|0|0|0
505743393499414530|2540577522| Tremendo caos vehicular en la av. Gusman blanco y ovalo jorge chavez ocacionado por el #corredorazul #alertanoticias||2014-06-02 02:11:16|0|0|0
505743371902914561|7629042| La reforma de #CorredorAzul es solo haber pintado buses de azul? Cuando sacan a las combis y micros piratas?||2007-07-21 20:12:00|0|0|0
505742665338851328|264320308| @Frospigliosi @vmestanza #CorredorAzul. Hay q creer a la t√≠a.||2011-03-11 18:17:09|0|0|0
505741927762116608|50374512| Ser√° verdad? Ojal√° @vmestanza: Desde hoy #CorredorAzul empezar√° a operar de manera ininterrumpida, osea para siempre  http://t.co/bWrh1PN07a||2009-06-24 17:39:18|0|0|0
505739226714234881|1268325169| Entrevista al Pdte. Protransporte, Gustavo Guerra Garc√≠a, sobre la puesta en marcha PERMANENTE del #CorredorAzul... http://t.co/iPcqziyG5O||2013-03-14 23:57:34|0|0|0
505732290727927808|164112262| Desde hoy, el #CorredorAzul empezar√° a operar de manera ininterrumpida, osea, para siempre üòÑ #ReformaTransporte http://t.co/Js1XAza8As||2010-07-08 02:19:42|0|0|0
505720451218571264|2667501056| ##CorredorAzul: Ubica los paraderos de las rutas 301 y 303 en las se√±ales de las avenidas http://t.co/QLxSGtlCMY||2014-07-21 23:33:21|0|0|0
505718604583960577|256718104| Veremos Susana "@canalN_: #CorredorAzul: desde este lunes buses pasar√°n con frecuencia m√°xima de dos minutos http://t.co/DF5UtdDpGz"||2011-02-23 23:13:30|0|0|0
505717598567559169|394935184| @MetropolitanoPT #CorredorAzul ¬øYa informaron sobre que avenidas circularan rutas antiguas? Tienen que brindar informaci√≥n integral.||2011-10-20 21:22:31|0|0|0
505716031608733698|248692867| #CorredorAzul: desde este lunes buses pasar√°n con frecuencia m√°xima de dos minutos http://t.co/oQuiyq9Wby||2011-02-07 14:45:57|0|0|0
505705035351597056|308252534| Nueva flota? La wimba!! ‚Äú@larepublica_pe: #CorredorAzul empezar√° con 125 buses, 12 puntos de conexi√≥n y nueva flota"||2011-05-31 02:47:42|0|0|0
505702703662903296|66746614| #CorredorAzul empezar√° con 125 buses, 12 puntos de conexi√≥n y nueva flota http://t.co/wGfHqCYOrZ http://t.co/tyYTLnnFB9||2009-08-18 17:49:35|0|0|0
505570729392627712|66746614| #CorredorAzul: Ruta Tacna-Garcilaso-Arequipa operar√° de manera continua desde este domingo 31 http://t.co/PitFT4DiSr||2009-08-18 17:49:35|0|0|0
505564224743960577|283747612| VIDEO: Este lunes 01 de setiembre empieza el servicio ininterrumpido cada 2min del #CorredorAzul  http://t.co/lD8RDReG9B v√≠a @CanalN_||2011-04-17 23:20:39|0|0|0
505557932810182657|67821966| Pinche Susana, por tu culpa ya no ver√© m√°s al futuro amor de mi vida #corredorazul #elcarrocambiaderuta #elchinodelcarro||2009-08-22 05:17:45|0|0|0
505557286891577345|2357032999| 115 buses circular√°n desde el domingo en el #CorredorAzul  #TacnaGarcilasodelaVegaArequipa  http://t.co/shRzj5R4DJ http://t.co/X8s4nKiaxL||2014-02-22 22:26:45|0|0|0
505557038295179264|203180982| 115 buses circular√°n desde el domingo en el #CorredorAzul  #TacnaGarcilasodelaVegaArequipa  http://t.co/Z34OJqEzPV http://t.co/Elo9qToWbl||2010-10-15 18:19:35|0|0|0
505556690582794240|2357032999| Flota de 115 buses circular√°n desde el domingo en el #CorredorAzul  #TacnaGarcilasodelaVegaArequipa  http://t.co/0ZGgd3VAoI||2014-02-22 22:26:45|0|0|0
505551616930754560|220800321| @ggg_pe @sitlima d√≥nde puedo empotrar las rutas de las alimentadoras del #CorredorAzul?||2010-11-28 21:36:18|0|0|0
505549613365862402|283747612| #ReformaTransporte en marcha. #CorredorAzul: anuncian buses cada dos minutos desde este lunes http://t.co/7Xl5g1K92B||2011-04-17 23:20:39|0|0|0
505548777386946560|376311344| Buses del #CorredorAzul pasar√°n cada dos minutos desde este lunes http://t.co/xNU5b1ouPx http://t.co/y5h3w2taMg||2011-09-19 17:27:25|0|0|0
505541038577299458|1231444076| [#ENVIVO] @GGG_pe responde a cr√≠ticas por el funcionamiento del #CorredorAzul en @BuenasNochesAAR (17 MOVISTAR - 10 CLARO)||2013-03-01 21:02:09|0|0|0
505540842766221312|2667501056| Unidades que crucen de manera transversal #CorredorAzul no ser√°n modificadas. Solo las que se sobreponen @javi270270||2014-07-21 23:33:21|0|0|0
505539880349626368|2667501056| La capacidad m√°xima de los buses del #CorredorAzul es de 80 a 100 pasajeros @ma_me_mi_mo_mu1||2014-07-21 23:33:21|0|0|0
505539224847020032|2667501056| #CorredorAzul: Para conocer nuevas rutas ingresen a http://t.co/wX5HRZwigf secci√≥n 'rutas modificadas' http://t.co/8OXrVlyQa3||2014-07-21 23:33:21|0|0|0
505538399802228737|2667501056| Ingresa a http://t.co/wX5HRZwigf a la secci√≥n "rutas modificadas" @javi270270 #CorredorAzul http://t.co/h84sJcbpFt||2014-07-21 23:33:21|0|0|0
505536701557915648|40933920| #ImagenInteractiva Ma√±ana contin√∫an las pruebas del #CorredorAzul http://t.co/1MsBQ6UikO    http://t.co/5WSYbscy7N||2009-05-18 18:31:50|0|0|0
505536264071028736|19602540| #CorredorAzul: Buses pasar√°n cada 2 minutos desde este lunes http://t.co/V2pJtXNoA2 http://t.co/JVJ7P7xXMM||2009-01-27 17:16:56|0|0|0
505535722716418048|11438042| @SITLima Hay alguna web del desvi√≥ de las rutas de los que no participan por el #CorredorAzul ??  Al parecer nadie sabe nada||2007-12-22 19:17:45|0|0|0
505535396076597249|235071687| Corredor Azul: Desde el lunes los buses pasar√°n cada 2 minutos http://t.co/QaBIb4ygcN #peru #corredorazul #protransporte #lima #lima||2011-01-07 08:14:14|0|0|0
505535088940302337|1616182386| #CorredorAzul: #ProTransporte promete buses cada 2 minutos desde el lunes http://t.co/JrdXL6pe3S http://t.co/820htsHDOb||2013-07-23 22:06:31|0|0|0
505534492149579777|2667501056| #CorredorAzul: Durante todo septiembre pasajeros podr√°n viajar gratis por corredor Tacna - Garcilaso - Arequipa||2014-07-21 23:33:21|0|0|0
505534294484598784|2667501056| #CorredorAzul Tacna - Garcilaso - Arequipa operar√° de manera continua desde este domingo 31 de agosto con 125 buses||2014-07-21 23:33:21|0|0|0
505524250183471104|186212400| @MuniLima @Phill_Butters #ReformaTransporte #CorredorAzul es 1 fiasco||2010-09-02 21:30:04|0|0|0
505518214915559424|2741325043| Desde lunes buses pasar√°n por #corredorazul con frecuencia m√°xima de 2 min. http://t.co/YZn9ZzfTiG http://t.co/6orpHmmI6c||2014-08-18 04:37:05|0|0|0
505515991468892160|2667501056| #CorredorAzul: Este es el horario de nuestros servicios 301 y 303 para el d√≠a de ma√±ana http://t.co/ERszJtfi5O||2014-07-21 23:33:21|0|0|0
505515895372804097|364916861| ‚Äú@dabugattas16: Javier prado colapso. Que viva la reforma del transporte.  Habra que volver a los establos??‚Äù #CorredorAzul||2011-08-30 15:22:45|0|0|0
505515123696750592|364916861| #CorredorAzul har√°n todo r√°pido y desordenado para las elecciones....populismo barato||2011-08-30 15:22:45|0|0|0
505501879947001857|40933920| Buses pasar√°n por #CorredorAzul con una frecuencia m√°xima de 2 minutos http://t.co/zwzuuwUgw0 http://t.co/UJUw3NrzZI||2009-05-18 18:31:50|0|0|0
505482804613099520|40933920| El #CorredorAzul moviliza m√°s de 138 mil pasajeros cada d√≠a /Foto: @SITLima http://t.co/7ZcE3PvQaF||2009-05-18 18:31:50|0|0|0
505479573036085248|84419825| #CorredorAzul: Conexi√≥n de rutas tradicionales al eje vial (S-N): Angamos,Canevaro,28 de Julio, Bolivia,Pizarro,Alcazar @sociedad_ECpe||2009-10-22 20:44:14|0|0|0
505479490550919168|40933920| Presidente de #Protransporte  @GGG_pe inform√≥ sobre operaci√≥n del #CorredorAzul /Foto @MetropolitanoPT http://t.co/OTGbad12OD||2009-05-18 18:31:50|0|0|0
505479266893828097|40933920| Desde el 31 de agosto, 42 rutas antiguas ser√°n modificadas y tres ser√°n eliminadas  #CorredorAzul||2009-05-18 18:31:50|0|0|0
505479195527766016|40933920| El servicio semiexpreso (303) funcionar√° de lunes a s√°bado de forma ininterrumpida, informa @SITLima #CorredorAzul||2009-05-18 18:31:50|0|0|0
505479011796275200|84419825| #CorredorAzul Puntos de conexi√≥n de rutas tradicional al eje vial (N-S): Vir√∫, Col√≥n,Cuba,Risso,Javier P.,√ìvalo Miraflores @sociedad_ECpe||2009-10-22 20:44:14|0|0|0
505478997153947648|40933920| El #CorredorAzul operar√° de manera exclusiva desde el 31 de agosto con el pasaje gratuito||2009-05-18 18:31:50|0|0|0
505478813518946304|40933920| El #CorredorAzul operar√° de lunes a domingo, informa @GGG_pe||2009-05-18 18:31:50|0|0|0
505478356117512192|84419825| #CorredorAzul A partir del 15 de setiembre empezar√°n a implementarse algunas de las 17 rutas alimentadoras @sociedad_ECpe||2009-10-22 20:44:14|0|0|0
505478100877336576|84419825| #CorredorAzul Servicio expreso 303 solo operar√° de lunes a s√°bado @sociedad_ECpe||2009-10-22 20:44:14|0|0|0
505477880143695872|2667501056| #CorredorAzul: Ingresa a http://t.co/wX5HRZwigf y conoce las rutas modificadas de las avenidas Tacna - Garcilaso - Arequipa||2014-07-21 23:33:21|0|0|0
505477770303275008|84419825| #CorredorAzul Desde el lunes se prestar√° servicio con 125 buses, lo q permitir√° q la frecuencia sea de 2 min aprox @sociedad_ECpe||2009-10-22 20:44:14|0|0|0
505477463208886272|84419825| #CorredorAzul buses azules operar√°n hasta las 2 a.m. los viernes y sabados. El resto de la semana solo hasta las 11 p.m. @sociedad_ECpe||2009-10-22 20:44:14|0|0|0
505476880611688448|1357830498| #Protransporte: Desde el lunes, la frecuencia de buses del #CorredorAzul ser√° de 1'40" a 2" durante la hora punta.||2013-04-16 20:45:44|0|0|0
505473691279708160|1357830498| El #CorredorAzul operar√° de manera continua desde el 31 de agosto pero el pasaje seguir√° siendo gratuito (marcha blanca).||2013-04-16 20:45:44|0|0|0
505471957543165952|1357830498| . @GGG_pe: Con el #CorredorAzul se eliminan 23 rutas superpuestas en la Av. Arequipa que generaban correteos y accidentes.||2013-04-16 20:45:44|0|0|0
505471928929615872|2667501056| . @GGG_pe: implementaci√≥n del #CorredorAzul es parte de un nuevo sistema. Lima necesita este cambio.||2014-07-21 23:33:21|0|0|0
505471469867266049|1357830498| . @GGG_pe: Desde la pr√≥xima semana, el #CorredorAzul operar√° de lunes a domingo. Rutas antiguas ser√°n modificadas.||2013-04-16 20:45:44|0|0|0
505471246700912641|2667501056| . @GGG_pe: ruta regular 301 del #CorredorAzul operar√° de lunes a domingo||2014-07-21 23:33:21|0|0|0
505471151326633984|450981582| "@MuniLima: .@GGG_pe explica criterios utilizados para la modificaci√≥n d rutas q se superponen con el #CorredorAzul http://t.co/0o3cudRM10"||2011-12-30 22:14:31|0|0|0
505470897885822976|1357830498| El servicio semiexpreso (303) funcionar√° de lunes a s√°bado de forma ininterrumpida. #CorredorAzul||2013-04-16 20:45:44|0|0|0
505470779543531521|2667501056| . @GGG_pe: #CorredorAzul circular√° de lunes a viernes con un m√°ximo de 125 buses en horas puntas||2014-07-21 23:33:21|0|0|0
505470559065739264|1357830498| Desde el 31 de agosto, 42 rutas antiguas ser√°n modificadas y 03 ser√°n eliminadas. #CorredorAzul||2013-04-16 20:45:44|0|0|0
505470496402841600|2667501056| @GGG_pe: Son 42 rutas que se modifican en Lima y 3 que dejan de operar por el #CorredorAzul||2014-07-21 23:33:21|0|0|0
505470450391330817|158871696| .@GGG_pe explica los criterios utilizados para la modificaci√≥n de rutas que se superponen con el #CorredorAzul http://t.co/tX3p4uy1Ds||2010-06-23 21:56:27|0|0|0
505470386541436928|84419825| #CorredorAzul las rutas tradicionales se conectar√°n al eje vial Tacna,Garcilaso y Arequipa en seis puntos por c/sentido @sociedad_ECpe||2009-10-22 20:44:14|0|0|0
505470090511667200|341304775| @MetropolitanoPT hay fecha para los alimentadores del #CorredorAzul ?||2011-07-24 04:36:22|0|0|0
505470068701286400|2667501056| . @GGG_pe: El #CorredorAzul operar√° en simult√°neo con el #Ciclod√≠a los d√≠as domingos||2014-07-21 23:33:21|0|0|0
505469725108097024|1357830498| #Protransporte: Desde el domingo 31 el servicio comenzar√° desde a operar desde las 05 am. #CorredorAzul||2013-04-16 20:45:44|0|0|0
505469687044784130|84419825| #CorredorAzul Este domingo los buses azules ser√°n desviados por el Ciclod√≠a por Arenales y Petit Thouars @sociedad_ECpe||2009-10-22 20:44:14|0|0|0
505469459919036416|1375021405| @MuniLima el Sr.Guerra Garcia @GGG_pe habla reiteradamente que combis y cousters ya no usaran el #CorredorAzul , pero si las combis no pasan||2013-04-23 17:00:06|0|0|0
505469333292978176|79379962| Me mareo la explicacion del #CorredorAzul||2009-10-03 05:02:14|0|0|0
505469255371214849|2667501056| . @GGG_pe: hasta la fecha el #CorredorAzul ha movilizado m√°s de 138mil pasajeros por d√≠a http://t.co/CbO4UdUH42||2014-07-21 23:33:21|0|0|0
505465872258191360|84419825| #CorredorAzul Pro Transporte da detalles sobre el servicio ininterrumpido que arranca este lunes @sociedad_ECpe http://t.co/WCiK8Hz1xk||2009-10-22 20:44:14|0|0|0
505465788640555009|158871696| #ReformaTransporte: Protransporte informa sobre funcionamiento ininterrumpido del #CorredorAzul http://t.co/MZasSreBmd||2010-06-23 21:56:27|0|0|0
505465617903017984|1357830498| Presidente de #Protransporte, @GGG_pe, brinda informe sobre el periodo de prueba del #CorredorAzul http://t.co/UgRyk2Jrq6||2013-04-16 20:45:44|0|0|0
505455133728468992|1616182386| #CorredorAzul opera actualmente con 140 choferes en planilla http://t.co/L59A8cN3dU (Por @rosaluz_ar) http://t.co/5a8y6Xq04J||2013-07-23 22:06:31|0|0|0
505450610561650690|2732373500| La MML informar√° hoy sobre los desv√≠os de las rutas que ven√≠an circulando por el #CorredorAzul http://t.co/fzGXjIWSMr v√≠a @elcomercio||2014-08-14 17:57:17|0|0|0
505438574935035905|2667501056| Cu√©ntanos ¬øQu√© h√°bitos positivos debemos incentivar en los usuarios del #CorredorAzul? http://t.co/pYgdrAgA3q||2014-07-21 23:33:21|0|0|0
505429755479740417|1616182386| #CorredorAzul Choferes del consorcio TGA ganar√°n entre S/. 1.350 y S/. 1.618, adem√°s de otras bonificaciones (v√≠a @rosaluz_ar)||2013-07-23 22:06:31|0|0|0
505422892616912898|2667501056| El #CorredorAzul regresa ma√±ana. A partir del domingo comienza la modificaci√≥n de rutas para que no compitan con corredor @blackgrunge2002||2014-07-21 23:33:21|0|0|0
505422789810339840|278216985| lmL @SITLima: Este 6 de septiembre el #CorredorAzul te lleva al #LimaViveRock de @LimaCultura http://t.co/3yXK7aHoYy http://t.co/TcenM3Glne||2011-04-06 21:03:34|0|0|0
505412423684468736|376311344| @JhonReynaga: Hemos verificado que no existen buses con facilidades para #personascondiscapacidad en el #CorredorAzul http://t.co/R90pwNbr6F||2011-09-19 17:27:25|0|0|0
505412342054920194|84419825| #CorredorAzul Choferes del consorcio TGA ganar√°n entre S/. 1.350 y S/. 1.618, adem√°s de otras bonificaciones @sociedad_ECpe||2009-10-22 20:44:14|0|0|0
505410286485258240|1616182386| #CorredorAzul Pro Transporte reitera que reforma garantiza beneficios laborales para choferes http://t.co/q10bBWbmsc (v√≠a @rosaluz_ar)||2013-07-23 22:06:31|0|0|0
505406363267526656|84419825| #CorredorAzul Pro Transporte reitera que reforma garantiza beneficios laborales para choferes @sociedad_ECpe http://t.co/sPUEps80Eh||2009-10-22 20:44:14|0|0|0
505404140630339585|1616182386| #CorredorAzul Pro Transporte informa que a la fecha hay 140 choferes en planilla. Al inicio de la preoperaci√≥n sumar√°n 300 (V√≠a @rosaluz_ar)||2013-07-23 22:06:31|0|0|0
505403934627082240|84419825| #CorredorAzul Pro Transporte informa que a la fecha hay 140 choferes en planilla. Al inicio de la preoperaci√≥n sumar√°n 300 @sociedad_ECpe||2009-10-22 20:44:14|0|0|0
505402951633215488|2667501056| Este 6 de septiembre el #CorredorAzul te lleva al #LimaViveRock de @LimaCultura http://t.co/k2fiTn2acG http://t.co/Ue9WxCoNMB||2014-07-21 23:33:21|0|0|0
505390179012857856|2667501056| Ma√±ana regresa el #CorredorAzul: Recuerda ubicar los paraderos de nuestro servicio 301 y expreso 303 http://t.co/D1M4k36BUD||2014-07-21 23:33:21|0|0|0
505371273468604417|2667501056| VIDEO: Recuerda que nuestros orientadores est√°n en los paraderos del #CorredorAzul para informarte http://t.co/jAitIIvQb1||2014-07-21 23:33:21|0|0|0
505370707438874624|569653223| @canalN_ @Jessipaola24 #CorredorAzul hay ciertos ingenuos en lima q van a votar x ella||2012-05-03 03:36:51|0|0|0
505370591676080128|569653223| @canalN_ @Jessipaola24 #CorredorAzul reforma solo es publicidad para #susanavillaran q cree q la gente votara x ella...claro esta q todavia||2012-05-03 03:36:51|0|0|0
505361389079494656|70588832| @SITLima Paso frente a varios polic√≠as de tr√°nsito y nadie hizo nada !!! @RPPNoticias @SusanaVillaran #CorredorAzul http://t.co/EHq8r7dR3R||2009-09-01 03:41:37|0|0|0
505355150987657216|248692867| Transportista: c√∫sters no tienen impedimento para circular en #CorredorAzul ‚ñ∫ http://t.co/uSVO4QxQ9Q http://t.co/zyr0sVzddO||2011-02-07 14:45:57|0|0|0
505354196045266947|235071687| Transportista: c√∫sters no tienen impedimento para circular en Corredor Azul http://t.co/Gb0nVscbxE #peru #corredorazul||2011-01-07 08:14:14|0|0|0
505348897230045184|807923216| CusterAzul en #CorredorAzul podr√≠a pertenecer a ruta alimentadora de troncal Tacna-Arequipa http://t.co/OrSGp4KTaz||2012-09-07 01:09:54|0|0|0
505336459902341120|2732373500| @Gabitchtrue puedea utilizar tambi√©n los buses del #CorredorAzul para ese d√≠a||2014-08-14 17:57:17|0|0|0
505329291690016768|13056252| @sociedad_ECpe #CorredorAzul. Eso no fue aclarado ayer al medio dia?? Ayer vi twits de la SIT||2008-02-04 17:12:43|0|0|0
505328535968686080|124075063| "@sociedad_ECpe: Pro Transporte no aclara confusi√≥n por c√∫steres azules en Lima http://t.co/4A38ywg3Yn #CorredorAzul http://t.co/x1h4kQsIjU"||2010-03-18 05:09:06|0|0|0
505326863573843968|56854082| @sociedad_ECpe @elcomercio #CorredorAzul en una entrevista Guerra Garcia dijo que aun veremos couster buses de 8 metros, buses antiguos||2009-07-14 23:30:44|0|0|0
505325562223935488|1616182386| Pro Transporte no aclara confusi√≥n por c√∫steres azules en Lima http://t.co/TqGBf12wQw #CorredorAzul http://t.co/L8hr6iNLBy||2013-07-23 22:06:31|0|0|0
505218639797436416|175831429| @Monochoro_ @DeeeiEm El #CorredorAzul solo funcionaba los fines de semana, a partir del s√°bado ser√° diario.||2010-08-07 19:01:47|0|0|0
505210490612887552|2552867261| C√∫ster que piratea a #corredorazul debe S/. 25.278,80 en multas ‚ñ∫ http://t.co/wc9MGjATxp (Por @renezp) http://t.co/7BVHnwkOFL" la criollada||2014-05-18 17:12:01|0|0|0
505209918941458432|597602560| @elcomercio alguien del SIT y del #CorredorAzul tiene que investigar. Literalmente el pintado logo y acabado son id√©nticos!!! Lo he visto!||2012-06-02 17:39:03|0|0|0
505195638976688129|603201806| Empresa pinta sus c√∫sters para circular por la zona del #CorredorAzul &gt;&gt;  http://t.co/LTPX2t8DJI http://t.co/cmWjs544Fo||2012-06-09 01:12:54|0|0|0
505186279748030464|722615714| "C√∫ster que piratea a #corredorazul debe S/. 25.278,80 en multas ‚ñ∫ http://t.co/pRoZUKPmAO (Por @renezp) http://t.co/D8tpMrfDB2"peruanazo!||2012-07-28 18:24:11|0|0|0
505184025024405506|66746614| Protransporte sobre c√∫ster azul: Veh√≠culo fotografiado no forma parte de la flota de buses del #CorredorAzul http://t.co/ZQxVxVlnGt||2009-08-18 17:49:35|0|0|0
505183758493159425|25888330| ¬øSistema Integrado de Transporte en la av. Aviaci√≥n? #CorredorAzul http://t.co/ul58TCqUY4||2009-03-22 21:51:38|0|0|0
